metric,value
total_tracks_matched,20
pct_with_synced_lyrics,50.00
pct_with_word_sync,0.00
pct_instrumental,40.00
pct_plain_only,10.00
pct_no_lyrics,0.00
coverage_adjusted_excl_instrumentals,83.30
synced_line_count_min,12
synced_line_count_median,72.00
synced_line_count_mean,65.80
synced_line_count_max,160
lines_per_min_median,16.66
lines_per_min_mean,14.84
lines_per_min_p10,3.13
lines_per_min_p90,25.37
first_onset_sec_median,33.01
first_onset_sec_mean,41.36
first_onset_sec_p90,78.68
first_onset_sec_max,80.21
count_long_intro_gt20s,9
duration_sec_min,156.55
duration_sec_median,234.00
duration_sec_mean,277.71
duration_sec_max,633.00
pearson_duration_vs_lines_per_min,-0.16
lookup_failures,0
duration_hist_lt120,0
duration_hist_120_180,2
duration_hist_180_240,10
duration_hist_240_300,3
duration_hist_300_plus,5
